id,name
2,NULL
238,-
13,?
86,Afghanistan
235,"Air S"
52,Alaska
221,Albania
241,Algeria
245,"American Samoa"
211,Andorra
81,Angola
155,Anguilla
215,Antarctica
28,"Antigua And Barbuda"
233,Argentina
115,Armenia
236,Aruba
94,Australia
82,Austria
173,Azerbaijan
177,Bahamas
164,Bahrain
21,Bangladesh
244,Barbados
194,Belarus
209,Belgium
12,Belize
77,Benin
198,Bermuda
20,Bhutan
234,Bolivia
126,"Bosnia And Herzegovina"
169,Botswana
7,Brazil
88,"British Virgin Islands"
33,Brunei
3,Bulgaria
226,"Burkina Faso"
156,Burma
133,Burundi
91,Cambodia
16,Cameroon
171,Canada
74,"Canadian Territories"
172,"Cape Verde"
175,"Cayman Islands"
38,"Central African Republic"
185,Chad
102,Chile
11,China
80,Cocos
108,Colombia
246,Columbia
5,Comoros
151,Congo
99,"Cook Islands"
90,"Costa Rica"
154,"Cote D'Ivoire"
78,Croatia
130,Cuba
109,Cyprus
95,"Czech Republic"
84,"Democratic Republic Of Congo"
139,"Democratic Republic Of The Congo"
214,Denmark
25,Djibouti
67,Dominica
45,"Dominican Republic"
237,Dublin
69,"East Timor-Indonesia"
47,Ecuador
243,Egypt
51,"El Salvador"
219,"Equatorial Guinea"
199,Eritrea
112,Estonia
192,Ethiopia
93,"Falkland Islands"
68,"Faroe Islands"
161,"Federated States Of Micronesia"
116,Fiji
149,Finland
105,France
19,"French Guiana"
153,"French Polynesia"
165,Gabon
181,Gambia
167,Georgia
231,Germany
48,Ghana
195,Gibraltar
135,Greece
41,Greenland
134,Grenada
64,Guadeloupe
65,Guam
247,Guatemala
227,Guinea
140,Guyana
125,Haiti
110,Honduras
160,"Hong Kong"
158,Hungary
73,Iceland
106,India
224,Indonesia
170,Iran
72,Iraq
63,Ireland
228,Israel
15,Italy
150,"Ivory Coast"
97,Jamaica
24,Japan
55,Jordan
166,Kazakhstan
42,Kenya
18,Kiribati
76,Korea
37,Kuwait
127,Kyrgyzstan
10,Laos
39,Latvia
182,Lebanon
204,Lesotho
8,Liberia
190,Libya
98,Lithuania
206,Luxembourg
148,Macau
216,Macedonia
183,Madagascar
163,Malawi
193,Malaysia
180,Maldives
66,Mali
96,Malta
79,"Marshall Islands"
113,Martinique
242,Mauritania
184,Mauritius
229,Mexico
26,Micronesia
103,Moldova
117,Monaco
34,Mongolia
70,Montenegro
144,Montserrat
56,Morocco
230,Mozambique
23,Myanmar
197,Namibia
168,Nauru
75,Nepal
191,Netherlands
43,"Netherlands Antilles"
122,"New Caledonia"
239,"New Zealand"
9,Nicaragua
104,Niger
85,Nigeria
212,Niue
121,"Norfolk Island"
59,"Northern Mariana Islands"
44,Norway
131,Oman
111,Pakistan
137,Palau
35,Palestine
178,Panama
200,"Papua New Guinea"
141,Paraguay
240,Peru
4,Philippines
162,Poland
187,Portugal
29,"Puerto Rico"
147,Qatar
205,"Republic Of Korea"
189,Reunion
222,Romania
100,Rome
57,Russia
159,Rwanda
203,S
71,"Saint Kitts And Nevis"
58,"Saint Lucia"
142,"Saint Vincent And The Grenadines"
124,Samoa
22,"Sao Tome And Principe"
188,"Saudi Arabia"
53,"Scotland, United Kingdom"
62,Senegal
6,Serbia
225,Seychelles
30,"Sierra Leone"
114,Singapore
157,Slovakia
83,Slovenia
138,"Solomon Islands"
119,Somalia
101,"South Africa"
145,"South Korea"
207,"South Sudan"
152,Spain
201,"Sri Lanka"
40,"St. Helena"
128,"St. Pierre And Miquelon"
136,Sudan
50,Suriname
174,Swaziland
213,Sweden
217,Switzerland
1,Syria
17,Taiwan
89,Tajikistan
129,Tanzania
218,Tasmania
14,Thailand
202,Tibet
49,Togo
46,Tonga
87,"Trinidad And Tobago"
107,Tunisia
54,Turkey
186,Turkmenistan
176,"Turks And Caicos Islands"
60,Tuvalu
31,Uganda
118,Ukraine
210,"United Arab Emirates"
223,"United Kingdom"
120,"United States"
208,Uruguay
123,"Us Minor Outlying Islands"
92,Uzbekistan
146,Vanuatu
61,Venezuela
132,Vietnam
27,"Virgin Islands"
220,"Wallis And Futuna Islands"
36,Yemen
232,Yugoslavia
32,Zaire
179,Zambia
196,Zimbabwe
143,Zurich
